.y.,group1,group2,n1,n2,statistic,df,p,p.adj,p.adj.signif
Sad_Ratings,X12b,X13b,109,109,-3.601598166,108,4.80E-04,0.003,**
Sad_Ratings,X12b,X14b,109,109,5.427983917,108,3.53E-07,2.12E-06,****
Sad_Ratings,X12b,X15b,109,109,4.778260621,108,5.61E-06,3.37E-05,****
Sad_Ratings,X13b,X14b,109,109,8.825958748,108,2.15E-14,1.29E-13,****
Sad_Ratings,X13b,X15b,109,109,9.151947589,108,3.94E-15,2.36E-14,****
Sad_Ratings,X14b,X15b,109,109,0,108,1,1,ns
,,,,,,,,,
